﻿_fid;routentyp;status;richtung;routenname;group_;routennummer;verlauf;routeninformation;length;geom;coordinate_reference_system
DE.HH.UP_RADFERNWEG_GRUENERRING_1;Radfernwege;Hauptroute;Hin- und Rückweg;1. Grüner Ring;1. Grüner Ring_Hauptroute_Hinweg;;"Landungsbrücken - Deichtorhallen - Planten un Blomen - Wallring - Landungsbrücken";Landungsbrücken - Deichtorhallen - Planten un Blomen - Wallring - Landungsbrücken;4511.595615840998;LINESTRING (9.981937 53.544030,9.981310 53.544049,9.980705 53.544068,9.980269 53.544085,9.979002 53.544048,9.977622 53.543993,9.977039 53.543971,9.976592 53.544015,9.976203 53.544165,9.975681 53.544396,9.975003 53.544628,9.974158 53.544916,9.973412 53.545122,9.972899 53.545226,9.972474 53.545290,9.971905 53.545361,9.971502 53.545433,9.971436 53.545445,9.971109 53.545527,9.970778 53.545611,9.970103 53.545765,9.969854 53.545845,9.969353 53.545989,9.969376 53.546029,9.969627 53.546247,9.969981 53.546505,9.970287 53.546656,9.970650 53.546873,9.970935 53.547078,9.971085 53.547243,9.971146 53.547463,9.971106 53.547670,9.970977 53.547912,9.970760 53.548214,9.970642 53.548468,9.970681 53.548708,9.970821 53.548948,9.971016 53.549133,9.971502 53.549302,9.972189 53.549437,9.972739 53.549486,9.973054 53.549543,9.973224 53.549642,9.973454 53.549867,9.973880 53.550371,9.974283 53.550842,9.974744 53.551372,9.975869 53.552544,9.976466 53.553160,9.977186 53.553768,9.978636 53.554911,9.979207 53.555373,9.979422 53.555529,9.980062 53.555994,9.981244 53.556692,9.982118 53.557132,9.983124 53.557504,9.983925 53.557724,9.984702 53.557891,9.985529 53.558025,9.987164 53.558161,9.988201 53.558242,9.988746 53.558258,9.989029 53.558236,9.989145 53.558406,9.989387 53.558372,9.989577 53.558629,9.989742 53.558651,9.989987 53.558735,9.990414 53.558727,9.991134 53.558643,9.991276 53.558540,9.991418 53.558438,9.992224 53.558337,9.993199 53.558196,9.993298 53.558123,9.992858 53.557405,9.993051 53.557365,9.993240 53.557274,9.993522 53.557342,9.993958 53.557376,9.994378 53.557387,9.995105 53.557281,9.995739 53.557167,9.996402 53.557003,9.996631 53.557021,9.997337 53.556845,9.998486 53.556546,9.999307 53.556267,9.999915 53.556024,10.000593 53.555719,10.000738 53.555654,10.001031 53.555522,10.002018 53.554995,10.002793 53.554581,10.004030 53.553868,10.004955 53.553219,10.005184 53.553034,10.005458 53.552706,10.005709 53.552259,10.005783 53.551952,10.005817 53.551854);EPSG:4326
DE.HH.UP_RADFERNWEG_GRUENERRING_2;Radfernwege;Hauptroute;Rückweg;1. Grüner Ring;1. Grüner Ring_Hauptroute_Rueckweg;;"Landungsbrücken - Deichtorhallen - Planten un Blomen - Wallring - Landungsbrücken";Landungsbrücken - Deichtorhallen - Planten un Blomen - Wallring - Landungsbrücken;592.4330439043017;LINESTRING (10.004973 53.547198,10.005333 53.547397,10.005751 53.547586,10.006361 53.547672,10.006503 53.548175,10.006316 53.548323,10.006322 53.548389,10.006353 53.548739,10.006545 53.549489,10.006538 53.550121,10.006422 53.550565,10.006198 53.551639,10.005817 53.551854);EPSG:4326
DE.HH.UP_RADFERNWEG_GRUENERRING_3;Radfernwege;Hauptroute;Hin- und Rückweg;1. Grüner Ring;1. Grüner Ring_Hauptroute_Hinweg;;"Landungsbrücken - Deichtorhallen - Planten un Blomen - Wallring - Landungsbrücken";Landungsbrücken - Deichtorhallen - Planten un Blomen - Wallring - Landungsbrücken;1618.6425496461652;LINESTRING (10.004973 53.547198,10.004849 53.547119,10.004818 53.547099,10.004452 53.546864,10.004083 53.546628,10.003446 53.546215,10.002853 53.545793,10.002382 53.545458,10.001899 53.545249,10.001312 53.545094,10.000246 53.544853,9.998939 53.544562,9.998126 53.544319,9.997948 53.544256,9.997659 53.544154,9.997011 53.543919,9.996050 53.543705,9.995228 53.543554,9.994261 53.543415,9.993082 53.543305,9.990579 53.543132,9.987492 53.542917,9.985270 53.542775,9.984619 53.542727,9.984306 53.542743,9.983972 53.542866,9.983618 53.543049,9.983060 53.543361);EPSG:4326
DE.HH.UP_RADFERNWEG_GRUENERRING_4;Radfernwege;Hauptroute;Hinweg;1. Grüner Ring;1. Grüner Ring_Hauptroute_Hinweg;;"Landungsbrücken - Deichtorhallen - Planten un Blomen - Wallring - Landungsbrücken";Landungsbrücken - Deichtorhallen - Planten un Blomen - Wallring - Landungsbrücken;559.014613951866;LINESTRING (10.005817 53.551854,10.005691 53.551579,10.005858 53.551197,10.005975 53.550824,10.006086 53.550443,10.006096 53.550028,10.006055 53.549408,10.005899 53.548748,10.005698 53.548675,10.005409 53.548511,10.005177 53.548264,10.004860 53.548029,10.004784 53.547658,10.004795 53.547606,10.004826 53.547452,10.004724 53.547342,10.004973 53.547198);EPSG:4326
DE.HH.UP_RADFERNWEG_GRUENERRING_5;Radfernwege;Hauptroute;Hinweg;1. Grüner Ring;1. Grüner Ring_Hauptroute_Hinweg;;"Landungsbrücken - Deichtorhallen - Planten un Blomen - Wallring - Landungsbrücken";Landungsbrücken - Deichtorhallen - Planten un Blomen - Wallring - Landungsbrücken;167.87560012484096;LINESTRING (9.983060 53.543361,9.983343 53.543578,9.982628 53.544228,9.982378 53.544142,9.981937 53.544030);EPSG:4326
DE.HH.UP_RADFERNWEG_GRUENERRING_6;Radfernwege;Hauptroute;Rückweg;1. Grüner Ring;1. Grüner Ring_Hauptroute_Rueckweg;;"Landungsbrücken - Deichtorhallen - Planten un Blomen - Wallring - Landungsbrücken";Landungsbrücken - Deichtorhallen - Planten un Blomen - Wallring - Landungsbrücken;105.27244794775255;LINESTRING (9.983060 53.543361,9.982976 53.543408,9.982325 53.543821,9.981937 53.544030);EPSG:4326
DE.HH.UP_RADFERNWEG_GRUENERRING_7;Radfernwege;Hauptroute;Hin- und Rückweg;1. Grüner Ring;1. Grüner Ring_Hauptroute_Hinweg;;"Landungsbrücken - Deichtorhallen - Planten un Blomen - Wallring - Landungsbrücken";Landungsbrücken - Deichtorhallen - Planten un Blomen - Wallring - Landungsbrücken;4511.595615840998;LINESTRING (9.981937 53.544030,9.981310 53.544049,9.980705 53.544068,9.980269 53.544085,9.979002 53.544048,9.977622 53.543993,9.977039 53.543971,9.976592 53.544015,9.976203 53.544165,9.975681 53.544396,9.975003 53.544628,9.974158 53.544916,9.973412 53.545122,9.972899 53.545226,9.972474 53.545290,9.971905 53.545361,9.971502 53.545433,9.971436 53.545445,9.971109 53.545527,9.970778 53.545611,9.970103 53.545765,9.969854 53.545845,9.969353 53.545989,9.969376 53.546029,9.969627 53.546247,9.969981 53.546505,9.970287 53.546656,9.970650 53.546873,9.970935 53.547078,9.971085 53.547243,9.971146 53.547463,9.971106 53.547670,9.970977 53.547912,9.970760 53.548214,9.970642 53.548468,9.970681 53.548708,9.970821 53.548948,9.971016 53.549133,9.971502 53.549302,9.972189 53.549437,9.972739 53.549486,9.973054 53.549543,9.973224 53.549642,9.973454 53.549867,9.973880 53.550371,9.974283 53.550842,9.974744 53.551372,9.975869 53.552544,9.976466 53.553160,9.977186 53.553768,9.978636 53.554911,9.979207 53.555373,9.979422 53.555529,9.980062 53.555994,9.981244 53.556692,9.982118 53.557132,9.983124 53.557504,9.983925 53.557724,9.984702 53.557891,9.985529 53.558025,9.987164 53.558161,9.988201 53.558242,9.988746 53.558258,9.989029 53.558236,9.989145 53.558406,9.989387 53.558372,9.989577 53.558629,9.989742 53.558651,9.989987 53.558735,9.990414 53.558727,9.991134 53.558643,9.991276 53.558540,9.991418 53.558438,9.992224 53.558337,9.993199 53.558196,9.993298 53.558123,9.992858 53.557405,9.993051 53.557365,9.993240 53.557274,9.993522 53.557342,9.993958 53.557376,9.994378 53.557387,9.995105 53.557281,9.995739 53.557167,9.996402 53.557003,9.996631 53.557021,9.997337 53.556845,9.998486 53.556546,9.999307 53.556267,9.999915 53.556024,10.000593 53.555719,10.000738 53.555654,10.001031 53.555522,10.002018 53.554995,10.002793 53.554581,10.004030 53.553868,10.004955 53.553219,10.005184 53.553034,10.005458 53.552706,10.005709 53.552259,10.005783 53.551952,10.005817 53.551854);EPSG:4326
DE.HH.UP_RADFERNWEG_GRUENERRING_8;Radfernwege;Hauptroute;Rückweg;1. Grüner Ring;1. Grüner Ring_Hauptroute_Rueckweg;;"Landungsbrücken - Deichtorhallen - Planten un Blomen - Wallring - Landungsbrücken";Landungsbrücken - Deichtorhallen - Planten un Blomen - Wallring - Landungsbrücken;592.4330439043017;LINESTRING (10.004973 53.547198,10.005333 53.547397,10.005751 53.547586,10.006361 53.547672,10.006503 53.548175,10.006316 53.548323,10.006322 53.548389,10.006353 53.548739,10.006545 53.549489,10.006538 53.550121,10.006422 53.550565,10.006198 53.551639,10.005817 53.551854);EPSG:4326
DE.HH.UP_RADFERNWEG_GRUENERRING_9;Radfernwege;Hauptroute;Hin- und Rückweg;1. Grüner Ring;1. Grüner Ring_Hauptroute_Hinweg;;"Landungsbrücken - Deichtorhallen - Planten un Blomen - Wallring - Landungsbrücken";Landungsbrücken - Deichtorhallen - Planten un Blomen - Wallring - Landungsbrücken;1618.6425496461652;LINESTRING (10.004973 53.547198,10.004849 53.547119,10.004818 53.547099,10.004452 53.546864,10.004083 53.546628,10.003446 53.546215,10.002853 53.545793,10.002382 53.545458,10.001899 53.545249,10.001312 53.545094,10.000246 53.544853,9.998939 53.544562,9.998126 53.544319,9.997948 53.544256,9.997659 53.544154,9.997011 53.543919,9.996050 53.543705,9.995228 53.543554,9.994261 53.543415,9.993082 53.543305,9.990579 53.543132,9.987492 53.542917,9.985270 53.542775,9.984619 53.542727,9.984306 53.542743,9.983972 53.542866,9.983618 53.543049,9.983060 53.543361);EPSG:4326
DE.HH.UP_RADFERNWEG_GRUENERRING_10;Radfernwege;Hauptroute;Hinweg;1. Grüner Ring;1. Grüner Ring_Hauptroute_Hinweg;;"Landungsbrücken - Deichtorhallen - Planten un Blomen - Wallring - Landungsbrücken";Landungsbrücken - Deichtorhallen - Planten un Blomen - Wallring - Landungsbrücken;559.014613951866;LINESTRING (10.005817 53.551854,10.005691 53.551579,10.005858 53.551197,10.005975 53.550824,10.006086 53.550443,10.006096 53.550028,10.006055 53.549408,10.005899 53.548748,10.005698 53.548675,10.005409 53.548511,10.005177 53.548264,10.004860 53.548029,10.004784 53.547658,10.004795 53.547606,10.004826 53.547452,10.004724 53.547342,10.004973 53.547198);EPSG:4326
DE.HH.UP_RADFERNWEG_GRUENERRING_11;Radfernwege;Hauptroute;Hinweg;1. Grüner Ring;1. Grüner Ring_Hauptroute_Hinweg;;"Landungsbrücken - Deichtorhallen - Planten un Blomen - Wallring - Landungsbrücken";Landungsbrücken - Deichtorhallen - Planten un Blomen - Wallring - Landungsbrücken;167.87560012484096;LINESTRING (9.983060 53.543361,9.983343 53.543578,9.982628 53.544228,9.982378 53.544142,9.981937 53.544030);EPSG:4326
DE.HH.UP_RADFERNWEG_GRUENERRING_12;Radfernwege;Hauptroute;Rückweg;1. Grüner Ring;1. Grüner Ring_Hauptroute_Rueckweg;;"Landungsbrücken - Deichtorhallen - Planten un Blomen - Wallring - Landungsbrücken";Landungsbrücken - Deichtorhallen - Planten un Blomen - Wallring - Landungsbrücken;105.27244794775255;LINESTRING (9.983060 53.543361,9.982976 53.543408,9.982325 53.543821,9.981937 53.544030);EPSG:4326
DE.HH.UP_RADFERNWEG_GRUENERRING_13;Radfernwege;Hauptroute;Hin- und Rückweg;1. Grüner Ring;1. Grüner Ring_Hauptroute_Hinweg;;"Landungsbrücken - Deichtorhallen - Planten un Blomen - Wallring - Landungsbrücken";Landungsbrücken - Deichtorhallen - Planten un Blomen - Wallring - Landungsbrücken;4511.595615840998;LINESTRING (9.981937 53.544030,9.981310 53.544049,9.980705 53.544068,9.980269 53.544085,9.979002 53.544048,9.977622 53.543993,9.977039 53.543971,9.976592 53.544015,9.976203 53.544165,9.975681 53.544396,9.975003 53.544628,9.974158 53.544916,9.973412 53.545122,9.972899 53.545226,9.972474 53.545290,9.971905 53.545361,9.971502 53.545433,9.971436 53.545445,9.971109 53.545527,9.970778 53.545611,9.970103 53.545765,9.969854 53.545845,9.969353 53.545989,9.969376 53.546029,9.969627 53.546247,9.969981 53.546505,9.970287 53.546656,9.970650 53.546873,9.970935 53.547078,9.971085 53.547243,9.971146 53.547463,9.971106 53.547670,9.970977 53.547912,9.970760 53.548214,9.970642 53.548468,9.970681 53.548708,9.970821 53.548948,9.971016 53.549133,9.971502 53.549302,9.972189 53.549437,9.972739 53.549486,9.973054 53.549543,9.973224 53.549642,9.973454 53.549867,9.973880 53.550371,9.974283 53.550842,9.974744 53.551372,9.975869 53.552544,9.976466 53.553160,9.977186 53.553768,9.978636 53.554911,9.979207 53.555373,9.979422 53.555529,9.980062 53.555994,9.981244 53.556692,9.982118 53.557132,9.983124 53.557504,9.983925 53.557724,9.984702 53.557891,9.985529 53.558025,9.987164 53.558161,9.988201 53.558242,9.988746 53.558258,9.989029 53.558236,9.989145 53.558406,9.989387 53.558372,9.989577 53.558629,9.989742 53.558651,9.989987 53.558735,9.990414 53.558727,9.991134 53.558643,9.991276 53.558540,9.991418 53.558438,9.992224 53.558337,9.993199 53.558196,9.993298 53.558123,9.992858 53.557405,9.993051 53.557365,9.993240 53.557274,9.993522 53.557342,9.993958 53.557376,9.994378 53.557387,9.995105 53.557281,9.995739 53.557167,9.996402 53.557003,9.996631 53.557021,9.997337 53.556845,9.998486 53.556546,9.999307 53.556267,9.999915 53.556024,10.000593 53.555719,10.000738 53.555654,10.001031 53.555522,10.002018 53.554995,10.002793 53.554581,10.004030 53.553868,10.004955 53.553219,10.005184 53.553034,10.005458 53.552706,10.005709 53.552259,10.005783 53.551952,10.005817 53.551854);EPSG:4326
DE.HH.UP_RADFERNWEG_GRUENERRING_14;Radfernwege;Hauptroute;Rückweg;1. Grüner Ring;1. Grüner Ring_Hauptroute_Rueckweg;;"Landungsbrücken - Deichtorhallen - Planten un Blomen - Wallring - Landungsbrücken";Landungsbrücken - Deichtorhallen - Planten un Blomen - Wallring - Landungsbrücken;592.4330439043017;LINESTRING (10.004973 53.547198,10.005333 53.547397,10.005751 53.547586,10.006361 53.547672,10.006503 53.548175,10.006316 53.548323,10.006322 53.548389,10.006353 53.548739,10.006545 53.549489,10.006538 53.550121,10.006422 53.550565,10.006198 53.551639,10.005817 53.551854);EPSG:4326
DE.HH.UP_RADFERNWEG_GRUENERRING_15;Radfernwege;Hauptroute;Hin- und Rückweg;1. Grüner Ring;1. Grüner Ring_Hauptroute_Hinweg;;"Landungsbrücken - Deichtorhallen - Planten un Blomen - Wallring - Landungsbrücken";Landungsbrücken - Deichtorhallen - Planten un Blomen - Wallring - Landungsbrücken;1618.6425496461652;LINESTRING (10.004973 53.547198,10.004849 53.547119,10.004818 53.547099,10.004452 53.546864,10.004083 53.546628,10.003446 53.546215,10.002853 53.545793,10.002382 53.545458,10.001899 53.545249,10.001312 53.545094,10.000246 53.544853,9.998939 53.544562,9.998126 53.544319,9.997948 53.544256,9.997659 53.544154,9.997011 53.543919,9.996050 53.543705,9.995228 53.543554,9.994261 53.543415,9.993082 53.543305,9.990579 53.543132,9.987492 53.542917,9.985270 53.542775,9.984619 53.542727,9.984306 53.542743,9.983972 53.542866,9.983618 53.543049,9.983060 53.543361);EPSG:4326
DE.HH.UP_RADFERNWEG_GRUENERRING_16;Radfernwege;Hauptroute;Hinweg;1. Grüner Ring;1. Grüner Ring_Hauptroute_Hinweg;;"Landungsbrücken - Deichtorhallen - Planten un Blomen - Wallring - Landungsbrücken";Landungsbrücken - Deichtorhallen - Planten un Blomen - Wallring - Landungsbrücken;559.014613951866;LINESTRING (10.005817 53.551854,10.005691 53.551579,10.005858 53.551197,10.005975 53.550824,10.006086 53.550443,10.006096 53.550028,10.006055 53.549408,10.005899 53.548748,10.005698 53.548675,10.005409 53.548511,10.005177 53.548264,10.004860 53.548029,10.004784 53.547658,10.004795 53.547606,10.004826 53.547452,10.004724 53.547342,10.004973 53.547198);EPSG:4326
DE.HH.UP_RADFERNWEG_GRUENERRING_17;Radfernwege;Hauptroute;Hinweg;1. Grüner Ring;1. Grüner Ring_Hauptroute_Hinweg;;"Landungsbrücken - Deichtorhallen - Planten un Blomen - Wallring - Landungsbrücken";Landungsbrücken - Deichtorhallen - Planten un Blomen - Wallring - Landungsbrücken;167.87560012484096;LINESTRING (9.983060 53.543361,9.983343 53.543578,9.982628 53.544228,9.982378 53.544142,9.981937 53.544030);EPSG:4326
DE.HH.UP_RADFERNWEG_GRUENERRING_18;Radfernwege;Hauptroute;Rückweg;1. Grüner Ring;1. Grüner Ring_Hauptroute_Rueckweg;;"Landungsbrücken - Deichtorhallen - Planten un Blomen - Wallring - Landungsbrücken";Landungsbrücken - Deichtorhallen - Planten un Blomen - Wallring - Landungsbrücken;105.27244794775255;LINESTRING (9.983060 53.543361,9.982976 53.543408,9.982325 53.543821,9.981937 53.544030);EPSG:4326
